<xml xmlns:o="urn:schemas-microsoft-com:office:office">
 <o:MainFile HRef="../Act%2010%20Riga.htm"/>
 <o:File HRef="item0012.xml"/>
 <o:File HRef="props013.xml"/>
 <o:File HRef="themedata.thmx"/>
 <o:File HRef="colorschememapping.xml"/>
 <o:File HRef="image001.png"/>
 <o:File HRef="image002.gif"/>
 <o:File HRef="image003.png"/>
 <o:File HRef="image004.gif"/>
 <o:File HRef="image005.png"/>
 <o:File HRef="image006.gif"/>
 <o:File HRef="image010.png"/>
 <o:File HRef="image011.gif"/>
 <o:File HRef="image012.png"/>
 <o:File HRef="image013.gif"/>
 <o:File HRef="image014.png"/>
 <o:File HRef="image015.gif"/>
 <o:File HRef="image016.png"/>
 <o:File HRef="image017.gif"/>
 <o:File HRef="image018.png"/>
 <o:File HRef="image019.gif"/>
 <o:File HRef="image020.png"/>
 <o:File HRef="image021.gif"/>
 <o:File HRef="filelist.xml"/>
</xml>