<xml xmlns:o="urn:schemas-microsoft-com:office:office">
 <o:MainFile HRef="../Act%205%20cholo.htm"/>
 <o:File HRef="item0014.xml"/>
 <o:File HRef="props015.xml"/>
 <o:File HRef="themedata.thmx"/>
 <o:File HRef="colorschememapping.xml"/>
 <o:File HRef="image001.png"/>
 <o:File HRef="image009.gif"/>
 <o:File HRef="image003.png"/>
 <o:File HRef="image010.gif"/>
 <o:File HRef="image005.png"/>
 <o:File HRef="image011.gif"/>
 <o:File HRef="image007.png"/>
 <o:File HRef="image012.gif"/>
 <o:File HRef="filelist.xml"/>
</xml>